{
    "$schema": "https://schema.management.azure.com/schemas/2019-04-01/deploymentTemplate.json#",
    "contentVersion": "1.0.0.0",
    
    "parameters": {
      "workspaceName": {
        "type": "string",
        "metadata": {
          "description": "Name of the Log Analytics workspace"
        }
      },
      "functionName": {
        "type": "string",
        "metadata": {
          "description": "Name of the function"
        }
      },
      "location": {
        "type": "string",
        "metadata": {
          "description": "Location of the Log Analytics workspace"
        }
      },
      "functionDisplayName": {
        "type": "string",
        "metadata": {
          "description": "Display name of the function"
        }
      },
      "category": {
        "type": "string",
        "metadata": {
          "description": "Category of the function"
        }
      },
      "query": {
        "type": "string",
        "metadata": {
          "description": "Kusto query for the function"
        }
      },
      "functionAlias": {
        "type": "string",
        "metadata": {
          "description": "Alias for the function"
        }
      }
    },
    
    "resources": [
      {
        "type": "Microsoft.OperationalInsights/workspaces/savedSearches",
        "apiVersion": "2020-08-01",
        "name": "[concat(parameters('workspaceName'), '/', parameters('functionName'))]",
        "location": "[parameters('location')]",
        "properties": {
          "etag": "*",
          "displayName": "[parameters('functionDisplayName')]",
          "category": "[parameters('category')]",
          "query": "[parameters('query')]",
          "functionAlias": "[parameters('functionAlias')]",
          "version": 1
        }
      }
    ]
  }