{
    "$schema": "https://schema.management.azure.com/schemas/2015-01-01/deploymentTemplate.json#",
    "contentVersion": "1.0.0.0",
    "parameters": {
        "logAnalyticsWorkspaceName": {
            "type": "string",
            "metadata": {
                "description": "Name of the Log Analytics workspace."
            }
        },
        "aksClusterName": {
            "type": "string",
            "metadata": {
                "description": "Name of the AKS cluster."
            }
        },
        "diagnosticName": {
            "type": "string",
            "metadata": {
                "description": "Name of the diagnostic setting."
            }
        }
    },
    "resources": [
        {
            "name": "[parameters('logAnalyticsWorkspaceName')]",
            "type": "Microsoft.OperationalInsights/workspaces",
            "apiVersion": "2023-09-01",
            "location": "eastus2",
            "properties": {}
        },
        {
            "type":"Microsoft.ContainerService/managedClusters",
            "name": "[parameters('aksClusterName')]",
            "apiVersion": "2024-02-01",
            "location": "eastus2",
            "properties": {}
        },
        {
            "type": "microsoft.insights/diagnosticSettings",
            "scope": "[resourceId('Microsoft.ContainerService/managedClusters', parameters('aksClusterName'))]",
            "apiVersion": "2021-05-01-preview",
            "name": "[parameters('diagnosticName')]",
            "properties": {
                "logs": [
            {
                "category": "kube-apiserver",
                "categoryGroup": null,
                "enabled": true,
                "retentionPolicy": {
                    "days": 0,
                    "enabled": false
                }
            },
            {
                "category": "kube-audit",
                "categoryGroup": null,
                "enabled": true,
                "retentionPolicy": {
                    "days": 0,
                    "enabled": false
                }
            },
            {
                "category": "kube-audit-admin",
                "categoryGroup": null,
                "enabled": true,
                "retentionPolicy": {
                    "days": 0,
                    "enabled": false
                }
            },
            {
                "category": "kube-controller-manager",
                "categoryGroup": null,
                "enabled": true,
                "retentionPolicy": {
                    "days": 0,
                    "enabled": false
                }
            },
            {
                "category": "kube-scheduler",
                "categoryGroup": null,
                "enabled": true,
                "retentionPolicy": {
                    "days": 0,
                    "enabled": false
                }
            },
            {
                "category": "cluster-autoscaler",
                "categoryGroup": null,
                "enabled": true,
                "retentionPolicy": {
                    "days": 0,
                    "enabled": false
                }
            },
            {
                "category": "cloud-controller-manager",
                "categoryGroup": null,
                "enabled": true,
                "retentionPolicy": {
                    "days": 0,
                    "enabled": false
                }
            },
            {
                "category": "guard",
                "categoryGroup": null,
                "enabled": true,
                "retentionPolicy": {
                    "days": 0,
                    "enabled": false
                }
            },
            {
                "category": "csi-azuredisk-controller",
                "categoryGroup": null,
                "enabled": true,
                "retentionPolicy": {
                    "days": 0,
                    "enabled": false
                }
            },
            {
                "category": "csi-azurefile-controller",
                "categoryGroup": null,
                "enabled": true,
                "retentionPolicy": {
                    "days": 0,
                    "enabled": false
                }
            },
            {
                "category": "csi-snapshot-controller",
                "categoryGroup": null,
                "enabled": true,
                "retentionPolicy": {
                    "days": 0,
                    "enabled": false
                }
            }
        ],
                "workspaceId": "[resourceId('Microsoft.OperationalInsights/workspaces', parameters('logAnalyticsWorkspaceName'))]"
            }
        }
    ],
    
    "outputs": {}
}